{"count":1,"self":1582.0987392,"total":5451.651216,"children":{"InitializeActuators":{"count":50,"self":0.00099859999999999988,"total":0.00099859999999999988,"children":null},"InitializeSensors":{"count":50,"self":0.0029774999999999997,"total":0.0029774999999999997,"children":null},"AgentSendState":{"count":500167,"self":159.2259712,"total":447.8525706,"children":{"CollectObservations":{"count":5001700,"self":127.73195519999999,"total":127.7319491,"children":null},"WriteActionMask":{"count":5001700,"self":2.0090315999999997,"total":2.0090317,"children":null},"RequestDecision":{"count":5001700,"self":10.71594,"total":158.88562489999998,"children":{"AgentInfo.ToProto":{"count":5001700,"self":9.1268576,"total":148.1696849,"children":{"GenerateSensorData":{"count":5001700,"self":130.98931199999998,"total":139.04282709999998,"children":{"RayPerceptionSensor.Perceive":{"count":5001700,"self":8.0535199999999989,"total":8.0535196999999989,"children":null}}}}}}}}},"DecideAction":{"count":500167,"self":3371.9834624,"total":3371.983381,"children":null},"AgentAct":{"count":500167,"self":49.7115872,"total":49.7115867,"children":null}},"gauges":{},"metadata":{"timer_format_version":"0.1.0","start_time_seconds":"1648731697","unity_version":"2020.3.18f1","command_line_arguments":"C:\\Program Files\\Unity\\Hub\\Editor\\2020.3.18f1\\Editor\\Unity.exe -projectpath C:\\Projects\\unity-fish-schooling-ml\\UnityProject -useHub -hubIPC -cloudEnvironment production -licensingIpc LicenseClient-Buttcheek -hubSessionId 69324e80-b0b0-11ec-952c-f1d65d134155 -accessToken -6jxlrx3-3d60ZBihMai1nJkGR1o5sTot8ea6JgLVQQ011f","communication_protocol_version":"1.5.0","com.unity.ml-agents_version":"2.1.0-exp.1","scene_name":"SchoolingForaging","end_time_seconds":"1648737149"}}