{"count":1,"self":101.7672704,"total":356.9231579,"children":{"InitializeActuators":{"count":75,"self":0.0010222999999999999,"total":0.0010222999999999999,"children":null},"InitializeSensors":{"count":75,"self":0.0029584,"total":0.0029584,"children":null},"AgentSendState":{"count":17290,"self":8.5507695999999989,"total":21.420323999999997,"children":{"CollectObservations":{"count":259350,"self":12.5044656,"total":12.504465399999999,"children":null},"WriteActionMask":{"count":259350,"self":0.1099531,"total":0.1099531,"children":null},"RequestDecision":{"count":259350,"self":0.25513559999999996,"total":0.25513559999999996,"children":null}}},"DecideAction":{"count":17290,"self":230.42186239999998,"total":230.7858954,"children":{"RayPerceptionSensor.Perceive":{"count":259350,"self":0.36402389999999996,"total":0.36402389999999996,"children":null}}},"AgentAct":{"count":17290,"self":2.944696,"total":2.9446958999999997,"children":null}},"gauges":{"FishSF.CumulativeReward":{"count":73,"max":-27.3000031,"min":-465.999939,"runningAverage":-185.2425,"value":-232.100082,"weightedAverage":-204.7626}},"metadata":{"timer_format_version":"0.1.0","start_time_seconds":"1649254398","unity_version":"2020.3.18f1","command_line_arguments":"C:\\Program Files\\Unity\\Hub\\Editor\\2020.3.18f1\\Editor\\Unity.exe -projectpath C:\\Projects\\unity-fish-schooling-ml\\UnityProject -useHub -hubIPC -cloudEnvironment production -licensingIpc LicenseClient-Buttcheek -hubSessionId 501a9840-b564-11ec-86f8-b504e33a57a7 -accessToken -Xd6X8xUbIrxYj7BTLBqhF-2NaHvLfxv_ASJwOEZkcw011f","communication_protocol_version":"1.5.0","com.unity.ml-agents_version":"2.1.0-exp.1","scene_name":"SchoolingForaging","end_time_seconds":"1649254754"}}