{"count":1,"self":373.75185919999996,"total":3907.9406728999998,"children":{"InitializeActuators":{"count":88,"self":0.0010188,"total":0.0010188,"children":null},"InitializeSensors":{"count":88,"self":0.0055495,"total":0.0055495,"children":null},"AgentSendState":{"count":252801,"self":216.70891519999998,"total":739.8756017,"children":{"CollectObservations":{"count":4449368,"self":386.6369024,"total":386.6368902,"children":null},"WriteActionMask":{"count":4449368,"self":1.8153224,"total":1.8153222999999998,"children":null},"RequestDecision":{"count":4449368,"self":8.8207816,"total":134.71447419999998,"children":{"AgentInfo.ToProto":{"count":4449368,"self":7.9919199999999995,"total":125.8936926,"children":{"GenerateSensorData":{"count":4449368,"self":110.9453568,"total":117.90177229999999,"children":{"RayPerceptionSensor.Perceive":{"count":4449368,"self":6.9564119999999994,"total":6.9564122999999993,"children":null}}}}}}}}},"DecideAction":{"count":252801,"self":2756.3681791999998,"total":2756.3682403,"children":null},"AgentAct":{"count":252801,"self":37.9384096,"total":37.938410399999995,"children":null}},"gauges":{},"metadata":{"timer_format_version":"0.1.0","start_time_seconds":"1647933595","unity_version":"2020.3.18f1","command_line_arguments":"C:\\Program Files\\Unity\\Hub\\Editor\\2020.3.18f1\\Editor\\Unity.exe -projectpath C:\\Projects\\unity-fish-schooling-ml\\UnityProject -useHub -hubIPC -cloudEnvironment production -licensingIpc LicenseClient-Buttcheek -hubSessionId 48ec84f0-a9a9-11ec-8f9f-ab04565bd5f8","communication_protocol_version":"1.5.0","com.unity.ml-agents_version":"2.1.0-exp.1","scene_name":"SchoolingForaging","end_time_seconds":"1647937503"}}